key,x,y,width,height
0,8,4,11,18
1,8,20,6,3
2,5,22,9,1
3,15,16,7,4
4,10,16,8,5
5,5,1,5,5
6,6,22,12,1
7,10,22,10,1
8,20,15,2,2
9,12,0,2,5
10,19,7,2,11
11,13,3,3,9
12,2,6,7,9
13,2,9,21,12
14,11,6,9,7
15,4,7,3,5
16,13,11,3,8
17,1,17,15,5
18,20,21,3,1
19,13,5,9,14
20,14,14,7,2
21,14,16,9,5
22,18,17,3,2
23,7,13,10,8
24,11,10,3,6
25,1,0,5,20
26,7,10,8,10
27,14,12,7,4
28,1,18,9,1
29,6,1,17,8
30,0,20,4,1
31,5,4,18,6
32,21,2,2,12
33,6,10,7,1
34,5,0,17,10
35,9,6,9,8
36,0,2,10,10
37,17,11,5,8
38,13,20,3,3
39,3,14,8,4
40,10,13,11,6
41,3,2,13,16
42,3,3,17,16
43,10,22,12,1
44,13,13,2,6
45,10,20,9,3
46,10,4,1,10
47,6,4,17,9
48,9,15,11,7
49,12,6,5,5
50,7,5,10,7
51,3,15,10,8
52,16,8,7,14
53,16,21,5,1
54,16,4,2,18
55,12,17,8,6
56,9,8,8,11
57,0,19,21,4
58,3,1,2,5
59,10,12,12,8
60,14,2,4,6
61,3,10,1,10
62,8,19,9,4
63,14,4,5,11
64,7,12,11,9
65,12,8,3,6
66,11,7,1,4
67,2,18,11,3
68,4,12,10,5
69,19,15,4,3
70,19,1,4,1
71,9,1,8,5
72,15,4,5,8
73,18,6,2,4
74,13,14,10,2
75,14,20,1,1
76,19,13,1,8
77,8,1,15,1
78,16,10,5,12
79,17,8,4,11
80,8,13,12,3
81,14,19,7,4
82,11,5,6,12
83,3,7,9,7
84,7,5,5,13
85,0,14,22,8
86,21,16,2,3
87,5,5,15,10
88,15,6,7,10
89,4,5,3,6
90,8,6,13,3
91,1,13,9,6
92,14,17,8,6
93,5,16,7,3
94,21,6,1,8
95,3,11,10,2
96,21,3,1,13
97,12,21,7,2
98,10,17,3,1
99,15,19,7,3
100,22,5,1,3
101,18,14,5,7
102,16,12,2,2
103,12,19,3,3
104,13,10,2,5
105,22,5,1,5
106,8,3,7,14
107,13,1,6,4
108,18,11,1,12
109,13,1,6,8
110,4,9,5,6
111,2,2,5,6
112,15,16,4,1
113,16,16,6,2
114,6,14,12,7
115,18,10,1,10
116,1,3,5,3
117,0,9,16,9
118,17,17,2,5
119,8,13,6,10
120,8,1,13,15
121,5,8,7,15
122,12,14,11,3
123,3,6,13,8
124,9,22,5,1
125,10,17,10,4
126,4,22,16,1
127,10,20,2,3
128,11,17,1,5
129,6,10,7,6
130,16,20,5,3
131,10,21,10,1
132,0,21,21,1
133,7,0,13,7
134,9,4,6,5
135,6,10,15,3
136,1,9,1,12
137,14,8,8,3
138,10,18,3,1
139,7,3,11,13
140,5,2,16,18
141,8,7,11,1
142,20,13,1,6
143,16,18,2,5
144,15,0,4,11
145,3,12,19,9
146,13,12,9,3
147,12,0,9,11
148,17,12,6,4
149,6,11,10,8
150,12,6,7,15
151,7,7,3,7
152,11,11,9,11
153,9,10,3,4
154,20,13,3,8
155,4,1,6,1
156,22,13,1,10
157,0,3,22,7
158,22,11,1,6
159,4,11,1,10
160,7,11,10,5
161,20,15,3,3
162,8,18,4,2
163,1,9,17,3
164,18,2,3,13
165,13,8,5,8
166,6,11,15,8
167,22,19,1,4
168,1,20,1,2
169,21,3,1,10
170,13,16,5,1
171,0,6,14,14
172,0,3,15,7
173,20,22,3,1
174,19,14,2,4
175,8,21,7,1
176,15,13,4,9
177,2,8,7,11
178,11,20,11,1
179,0,13,18,5
180,22,9,1,8
181,0,1,7,3
182,15,10,3,3
183,14,1,3,11
184,15,20,1,1
185,22,20,1,2
186,1,20,7,1
187,11,5,8,3
188,0,5,19,12
189,2,6,7,5
190,10,1,13,21
191,11,4,10,7
192,13,22,3,1
193,22,15,1,8
194,20,19,3,2
195,13,6,8,11
196,5,15,6,4
197,2,15,20,2
198,7,12,5,6
199,1,16,22,7
200,3,2,8,6
201,18,16,5,2
202,2,6,5,10
203,7,14,14,1
204,20,20,3,1
205,6,2,5,19
206,2,10,20,6
207,13,7,1,7
208,14,15,9,6
209,6,21,17,1
210,13,21,3,2
211,4,15,2,1
212,22,12,1,2
213,16,6,3,15
214,10,18,3,2
215,8,7,13,5
216,5,10,18,10
217,13,8,8,14
218,18,6,3,11
219,7,0,12,21
220,12,13,9,4
221,18,9,1,5
222,18,2,2,13
223,18,21,5,2
224,7,18,12,4
225,3,19,12,2
226,21,15,2,1
227,2,22,19,1
228,22,6,1,6
229,2,18,2,3
230,0,8,9,2
231,12,4,2,7
232,4,16,19,4
233,18,15,4,3
234,1,8,16,2
235,5,14,11,3
236,18,3,1,11
237,7,15,14,1
238,16,19,6,1
239,15,10,2,10
240,11,6,12,3
241,4,3,7,10
242,17,12,4,3
243,11,0,9,22
244,3,22,12,1
245,20,15,3,1
246,19,5,3,7
247,18,14,3,5
248,20,10,1,7
249,1,15,3,8
250,18,11,2,6
251,11,19,10,4
252,17,2,3,21
253,8,13,2,4
254,15,18,4,3
255,21,4,1,1
256,7,5,7,5
257,3,16,10,5
258,7,8,6,6
259,1,16,22,5
260,16,20,6,1
261,20,12,1,6
262,20,6,3,6
263,20,15,1,1
264,1,10,8,13
265,11,7,2,9
266,4,3,2,16
267,7,7,3,2
268,19,0,2,4
269,20,5,1,9
270,21,16,2,2
271,21,15,1,6
272,11,20,1,1
273,16,12,5,5
274,21,3,2,13
275,6,16,2,7
276,0,16,21,4
277,12,18,2,4
278,5,4,16,15
279,6,5,8,10
280,16,15,1,5
281,13,2,5,13
282,10,6,8,17
283,8,13,1,2
284,15,17,7,3
285,16,13,3,2
286,18,17,1,4
287,19,11,1,2
288,7,5,8,1
289,8,4,12,12
290,19,19,3,4
291,5,18,2,2
292,11,13,11,7
293,2,6,9,12
294,12,3,11,14
295,3,11,7,8
296,15,17,6,5
297,7,13,14,7
298,2,22,6,1
299,8,2,5,10
300,13,22,2,1
301,13,12,7,8
302,20,13,3,6
303,2,0,16,20
304,3,16,4,2
305,13,8,5,5
306,18,6,1,7
307,1,13,10,9
308,8,9,9,1
309,1,20,6,2
310,8,22,3,1
311,3,3,8,19
312,13,21,5,2
313,10,4,6,14
314,17,7,1,14
315,21,22,1,1
316,7,16,4,6
317,8,6,10,13
318,18,4,5,14
319,13,5,9,16
320,5,8,12,1
321,5,11,2,5
322,22,18,1,3
323,10,9,2,5
324,13,7,7,10
325,3,3,13,14
326,10,19,8,2
327,2,16,21,7
328,7,18,5,4
329,18,18,4,2
330,0,19,3,1
331,13,8,3,15
332,11,3,10,15
333,7,1,1,8
334,14,14,2,6
335,4,22,5,1
336,8,21,3,1
337,3,16,4,2
338,1,9,8,6
339,17,7,4,9
340,16,4,2,10
341,11,4,12,4
342,20,5,3,5
343,21,12,1,8
344,18,13,1,8
345,22,18,1,5
346,20,19,2,2
347,14,2,7,1
348,2,8,16,1
349,7,15,9,5
350,7,7,15,15
351,13,10,9,4
352,16,16,7,5
353,6,1,17,13
354,22,10,1,11
355,19,5,1,14
356,16,9,6,10
357,16,6,6,9
358,13,5,10,12
359,11,14,8,7
360,9,8,2,8
361,20,5,3,5
362,5,14,16,9
363,18,0,4,16
364,21,17,2,5
365,13,20,5,1
366,8,8,13,12
367,12,1,8,17
368,11,19,11,3
369,12,0,3,9
370,11,8,10,13
371,0,21,12,1
372,6,9,4,6
373,17,11,4,9
374,4,3,19,5
375,16,8,6,9
376,8,12,15,11
377,1,9,15,1
378,12,20,6,1
379,3,20,7,3
380,2,19,8,1
381,0,0,7,12
382,8,11,1,8
383,12,21,11,2
384,19,6,4,16
385,19,16,4,3
386,3,19,2,3
387,9,21,5,1
388,12,16,9,6
389,13,15,3,4
390,13,20,3,2
391,21,8,2,14
392,13,17,3,3
393,6,18,8,3
394,10,17,9,4
395,21,19,1,4
396,19,16,4,6
397,15,11,8,12
398,11,16,5,1
399,3,5,2,15
400,16,10,2,3
401,4,15,18,3
402,3,11,6,5
403,21,14,2,2
404,6,17,4,2
405,13,20,2,2
406,1,21,8,2
407,10,21,11,1
408,17,2,6,19
409,0,0,13,15
410,11,20,11,2
411,8,4,15,14
412,19,9,2,14
413,16,4,7,2
414,11,12,2,6
415,2,1,5,22
416,19,21,2,1
417,3,17,10,3
418,22,4,1,7
419,3,11,4,8
420,20,5,3,18
421,19,7,4,16
422,9,2,12,6
423,11,18,1,2
424,6,12,8,6
425,19,8,3,12
426,5,11,5,1
427,20,11,3,10
428,13,13,3,6
429,1,5,14,11
430,3,16,3,4
431,17,6,6,14
432,12,12,11,6
433,13,19,3,4
434,22,21,1,2
435,11,0,5,19
436,22,21,1,1
437,20,7,3,10
438,17,13,5,4
439,11,18,7,1
440,2,16,16,7
441,22,3,1,14
442,6,10,6,2
443,14,6,3,9
444,6,18,3,1
445,1,2,16,3
446,21,21,1,2
447,15,17,5,1
448,22,12,1,10
449,8,19,8,4
450,20,1,3,20
451,9,1,7,2
452,18,20,5,2
453,16,5,2,4
454,5,3,11,4
455,3,19,14,1
456,20,19,1,1
457,18,6,4,9
458,8,14,3,7
459,14,21,6,2
460,2,19,11,1
461,0,11,11,12
462,11,6,6,17
463,9,5,1,1
464,17,12,4,3
465,2,6,1,17
466,18,9,1,13
467,7,1,6,11
468,0,20,13,2
469,22,1,1,14
470,7,16,9,4
471,2,8,13,5
472,4,16,17,7
473,14,14,9,3
474,7,6,9,7
475,8,15,3,6
476,2,0,11,12
477,4,9,13,10
478,5,21,9,2
479,5,4,12,11
480,5,14,1,3
481,21,8,1,15
482,19,0,3,17
483,0,7,6,2
484,16,17,4,6
485,22,7,1,13
486,16,2,2,14
487,8,17,9,3
488,17,16,5,3
489,14,18,9,4
490,10,9,5,12
491,21,19,1,4
492,7,21,6,2
493,10,14,4,5
494,4,12,1,7
495,16,19,2,1
496,7,21,13,2
497,8,19,14,1
498,22,22,1,1
499,7,9,14,3
500,0,6,10,11
501,18,19,5,1
502,8,1,2,1
503,4,21,14,2
504,1,4,16,1
505,13,5,5,16
506,16,18,1,2
507,21,0,1,2
508,10,19,1,2
509,4,10,12,1
510,6,20,1,1
511,11,19,10,3
512,17,17,1,3
513,10,1,5,18
514,9,15,1,3
515,18,10,2,6
516,0,16,23,5
517,6,15,14,1
518,0,7,9,11
519,14,11,8,4
520,20,18,2,2
521,18,21,2,1
522,16,3,5,11
523,13,10,8,8
524,22,13,1,10
525,15,9,7,2
526,11,7,10,12
527,8,17,6,4
528,3,1,12,20
529,20,8,2,15
530,13,21,10,1
531,13,17,6,6
532,3,13,9,8
533,9,15,1,5
534,11,19,7,3
535,13,12,3,5
536,22,17,1,3
537,3,17,9,1
538,3,14,6,9
539,17,2,6,7
540,20,4,3,8
541,6,15,3,5
542,11,11,9,11
543,3,16,19,7
544,18,15,1,1
545,9,15,11,4
546,11,13,5,7
547,8,0,9,16
548,9,9,9,4
549,15,21,7,2
550,5,1,5,2
551,2,18,10,5
552,7,8,12,9
553,22,6,1,2
554,22,18,1,5
555,5,3,2,18
556,7,0,6,12
557,17,18,1,2
558,15,20,1,3
559,6,4,10,5
560,0,13,7,3
561,4,0,7,23
562,11,15,10,3
563,10,12,13,4
564,2,18,19,1
565,1,22,9,1
566,4,6,10,11
567,22,9,1,3
568,21,3,2,19
569,9,11,3,8
570,6,9,13,11
571,2,22,9,1
572,11,11,3,7
573,12,4,10,4
574,15,21,5,1
575,9,3,13,13
576,1,22,13,1
577,6,18,14,2
578,2,11,8,9
579,20,0,2,15
580,20,17,2,6
581,8,6,9,7
582,3,11,7,6
583,22,9,1,9
584,13,5,7,18
585,4,8,7,2
586,22,22,1,1
587,9,10,10,4
588,17,12,3,4
589,11,11,12,11
590,14,6,3,16
591,11,18,8,4
592,18,22,3,1
593,0,6,10,2
594,17,15,6,1
595,4,18,13,4
596,7,13,5,8
597,9,2,5,1
598,7,0,8,17
599,20,2,2,8
600,15,17,4,3
601,15,21,5,1
602,4,1,15,21
603,21,11,2,5
604,3,22,10,1
605,19,1,4,14
606,20,19,1,1
607,19,20,3,2
608,4,18,5,5
609,14,12,1,10
610,13,20,1,2
611,12,19,4,1
612,1,16,16,1
613,22,9,1,6
614,2,8,10,15
615,0,16,3,5
616,8,20,3,2
617,10,22,4,1
618,21,7,1,16
619,13,0,3,18
620,12,19,8,2
621,19,3,2,6
622,22,20,1,3
623,13,22,4,1
624,16,5,3,15
625,5,8,5,9
626,19,0,1,2
627,12,13,6,2
628,19,0,2,3
629,17,19,5,3
630,9,8,4,2
631,0,9,1,13
632,10,16,5,4
633,13,15,3,2
634,20,22,2,1
635,4,21,11,2
636,14,6,2,15
637,8,8,4,13
638,17,20,3,1
639,21,1,2,17
640,22,7,1,7
641,20,18,3,1
642,4,5,15,1
643,3,6,3,2
644,1,16,9,3
645,6,15,4,4
646,6,5,12,4
647,19,5,1,8
648,10,15,6,8
649,10,17,5,5
650,12,21,5,1
651,14,18,8,2
652,5,7,16,3
653,1,0,3,4
654,4,0,14,16
655,0,2,10,1
656,2,8,7,9
657,17,18,5,1
658,22,18,1,3
659,11,16,7,7
660,4,0,18,2
661,15,20,1,3
662,5,2,18,16
663,6,0,1,2
664,19,3,3,19
665,14,21,8,1
666,21,21,2,1
667,10,16,6,7
668,0,11,6,9
669,11,7,6,16
670,18,6,4,11
671,13,5,7,7
672,21,10,2,6
673,20,19,1,3
674,4,18,13,4
675,5,3,12,5
676,16,8,4,13
677,22,5,1,11
678,16,10,4,1
679,18,10,5,2
680,9,18,4,4
681,7,17,7,5
682,21,7,1,1
683,21,14,1,2
684,1,1,6,13
685,6,1,17,1
686,2,20,16,1
687,15,11,1,8
688,8,16,5,6
689,12,16,4,5
690,11,0,4,4
691,8,7,1,13
692,18,4,5,3
693,16,11,5,6
694,13,4,10,11
695,22,9,1,1
696,5,4,2,18
697,14,14,8,3
698,13,2,4,14
699,3,7,11,8
700,12,2,7,8
701,2,7,2,7
702,8,7,14,5
703,14,18,3,2
704,10,7,3,5
705,9,4,3,18
706,3,13,10,10
707,8,0,11,9
708,0,5,11,5
709,22,6,1,10
710,13,1,2,11
711,4,12,17,8
712,15,22,1,1
713,17,18,5,5
714,22,5,1,15
715,18,11,2,10
716,21,14,2,5
717,13,3,3,5
718,17,15,2,8
719,16,19,1,1
720,2,20,7,3
721,6,12,3,8
722,2,11,12,3
723,5,21,18,1
724,4,5,5,13
725,2,2,15,14
726,5,20,7,1
727,19,14,3,9
728,7,20,4,1
729,11,7,6,13
730,11,17,6,3
731,7,2,4,14
732,6,16,13,2
733,9,7,1,11
734,7,7,10,1
735,12,18,5,5
736,14,5,4,10
737,21,0,2,8
738,6,20,2,1
739,6,6,8,1
740,9,3,3,17
741,20,22,2,1
742,2,21,12,2
743,22,8,1,9
744,1,2,9,20
745,12,13,7,3
746,19,16,1,5
747,21,11,2,4
748,19,13,1,5
749,9,3,2,5
750,19,14,4,6
751,11,5,10,3
752,13,5,6,15
753,18,12,4,8
754,12,17,4,1
755,21,14,1,5
756,16,7,4,7
757,1,7,15,9
758,13,2,6,16
759,6,3,11,5
760,1,15,6,4
761,22,21,1,2
762,5,12,6,8
763,1,8,17,9
764,14,12,8,4
765,0,11,8,11
766,7,8,14,8
767,3,14,11,4
768,10,3,13,9
769,15,11,5,5
770,13,3,2,2
771,1,3,1,5
772,22,11,1,4
773,11,9,8,12
774,7,19,14,4
775,21,13,1,4
776,9,13,11,4
777,3,12,18,6
778,13,17,4,6
779,19,12,2,4
780,7,10,6,2
781,11,19,3,1
782,18,15,3,7
783,2,19,13,1
784,22,18,1,3
785,21,20,2,2
786,16,3,2,7
787,13,5,10,13
788,20,20,3,2
789,4,14,5,3
790,6,1,10,13
791,0,20,4,2
792,21,19,2,2
793,5,22,16,1
794,1,0,4,10
795,5,22,13,1
796,10,9,6,4
797,15,5,4,9
798,21,18,2,5
799,21,15,2,1
800,10,16,2,5
801,6,3,14,16
802,15,22,8,1
803,14,7,9,7
804,14,5,3,11
805,18,10,4,5
806,1,9,13,1
807,15,18,7,1
808,4,7,3,2
809,8,13,10,1
810,1,16,22,1
811,17,3,4,8
812,7,17,10,4
813,11,12,4,2
814,3,7,1,16
815,10,0,10,8
816,5,3,13,12
817,3,16,15,7
818,22,7,1,6
819,9,8,14,7
820,20,5,1,7
821,8,22,1,1
822,3,10,11,13
823,13,11,9,9
824,20,18,3,2
825,17,21,3,1
826,22,8,1,12
827,17,16,2,2
828,10,2,1,19
829,15,12,6,6
830,6,6,14,12
831,5,7,4,3
832,4,19,8,2
833,11,14,2,8
834,21,6,2,7
835,20,13,1,1
836,20,2,3,14
837,2,8,20,11
838,16,9,4,12
839,22,2,1,6
840,9,11,8,11
841,8,11,8,12
842,1,0,12,3
843,13,2,6,19
844,0,9,4,5
845,10,4,8,3
846,3,0,10,1
847,6,19,14,3
848,8,16,7,6
849,11,15,8,6
850,18,14,1,6
851,5,16,17,6
852,17,7,4,15
853,6,9,5,14
854,9,5,7,6
855,9,13,11,8
856,2,3,18,15
857,19,0,4,6
858,8,21,12,1
859,10,22,1,1
860,8,19,3,4
861,10,5,8,17
862,1,8,17,14
863,16,22,5,1
864,20,15,1,2
865,2,13,21,8
866,4,5,9,12
867,5,15,1,2
868,3,7,14,10
869,22,12,1,7
870,18,11,4,1
871,0,11,8,1
872,18,20,4,1
873,21,12,2,9
874,8,5,7,1
875,0,19,15,4
876,16,1,3,6
877,22,22,1,1
878,21,5,2,14
879,3,21,7,1
880,5,18,6,3
881,1,9,3,12
882,17,0,2,18
883,1,2,16,16
884,6,14,7,7
885,6,2,13,19
886,21,21,2,2
887,8,21,14,1
888,4,21,11,2
889,2,9,20,12
890,16,10,2,9
891,0,12,11,9
892,5,16,6,4
893,20,18,2,1
894,17,17,1,6
895,16,19,5,2
896,18,13,5,4
897,3,13,4,6
898,19,5,4,10
899,5,17,8,5
900,22,15,1,6
901,10,14,1,1
902,2,9,3,5
903,14,9,2,10
904,21,1,1,2
905,9,7,6,2
906,1,22,10,1
907,15,5,3,11
908,12,12,8,7
909,16,7,4,14
910,11,21,9,2
911,5,15,9,2
912,7,6,14,2
913,4,22,13,1
914,16,14,3,8
915,19,18,2,3
916,19,10,4,12
917,6,4,14,4
918,0,1,18,17
919,12,19,1,4
920,4,6,8,3
921,10,18,1,5
922,14,17,4,2
923,11,19,7,3
924,15,3,6,5
925,3,19,6,2
926,20,6,3,15
927,9,22,10,1
928,16,18,6,4
929,20,21,2,2
930,13,10,5,6
931,17,17,4,2
932,6,21,14,1
933,16,9,7,10
934,6,12,17,9
935,0,8,14,7
936,1,3,13,15
937,16,20,4,2
938,3,15,9,3
939,15,6,5,10
940,19,16,2,2
941,0,16,17,7
942,11,19,2,1
943,2,9,11,11
944,22,19,1,3
945,6,1,11,4
946,20,8,1,14
947,13,11,5,9
948,20,12,2,7
949,5,17,2,2
950,14,11,7,4
951,8,10,2,6
952,16,8,7,7
953,8,14,4,5
954,21,3,2,7
955,17,1,6,16
956,5,21,13,2
957,13,8,4,9
958,9,3,5,2
959,2,3,7,6
960,10,6,11,15
961,20,17,1,1
962,14,8,8,12
963,16,20,4,2
964,4,19,7,3
965,15,20,7,2
966,17,1,3,22
967,21,0,2,9
968,13,19,10,2
969,6,11,16,9
970,3,3,3,8
971,20,1,3,5
972,5,1,3,20
973,2,13,4,10
974,3,15,18,8
975,8,3,6,9
976,12,8,8,12
977,7,4,12,9
978,3,1,19,8
979,10,10,7,11
980,12,12,5,11
981,22,15,1,2
982,4,9,4,3
983,16,17,4,1
984,13,19,10,3
985,4,7,12,2
986,11,2,11,21
987,6,2,3,1
988,0,13,21,9
989,20,7,3,15
990,2,18,7,5
991,3,9,11,12
992,1,13,4,1
993,19,2,1,8
994,4,1,4,11
995,15,9,3,13
996,20,18,2,3
997,10,14,2,5
998,20,16,1,4
999,10,17,9,3
1000,18,3,1,17
1001,21,16,1,6
1002,6,21,11,2
1003,7,18,4,5
1004,17,14,6,2
1005,20,4,2,5
1006,21,6,1,5
1007,18,4,3,1
1008,7,21,1,2
1009,16,6,7,15
1010,15,14,2,9
1011,20,2,1,16
1012,11,12,11,11
1013,17,20,4,3
1014,8,10,8,5
1015,22,12,1,11
1016,14,12,1,7
1017,22,17,1,6
1018,19,22,2,1
1019,2,9,19,7
1020,13,17,1,6
1021,10,2,2,5
1022,5,2,7,5
1023,6,20,12,2
1024,12,20,9,1
1025,15,1,3,1
1026,10,10,8,13
1027,7,1,16,10
1028,14,9,4,9
1029,20,8,2,4
1030,18,1,1,12
1031,0,16,8,6
1032,6,7,12,14
1033,16,17,1,4
1034,12,22,7,1
1035,4,13,18,8
1036,19,10,2,8
1037,12,3,5,5
1038,13,4,4,7
1039,21,19,2,1
1040,7,8,15,1
1041,22,15,1,3
1042,14,15,5,7
1043,3,8,10,7
1044,12,5,3,2
1045,22,12,1,6
1046,16,22,1,1
1047,16,0,2,23
1048,15,16,7,4
1049,18,17,2,3
1050,0,2,4,21
1051,22,1,1,7
1052,14,5,2,13
1053,2,6,17,7
1054,13,13,2,8
1055,6,20,11,1
1056,3,2,12,11
1057,21,11,2,5
1058,3,7,7,11
1059,8,10,13,13
1060,10,4,6,18
1061,13,16,5,3
1062,18,15,4,2
1063,13,22,3,1
1064,15,5,8,13
1065,15,22,4,1
1066,1,3,8,12
1067,20,21,3,1
1068,9,7,8,7
1069,12,3,1,14
1070,8,4,10,6
1071,15,15,4,8
1072,7,22,10,1
1073,20,10,1,5
1074,20,0,3,12
1075,19,13,4,4
1076,12,20,9,2
1077,6,15,11,4
1078,6,0,3,22
1079,17,16,2,3
1080,11,21,8,2
1081,0,21,23,2
1082,19,4,4,2
1083,22,16,1,3
1084,2,12,21,6
1085,18,7,5,12
1086,14,10,4,9
1087,0,9,19,13
1088,3,9,6,6
1089,21,11,1,5
1090,0,8,10,14
1091,21,11,1,8
1092,8,14,15,9
1093,15,20,7,3
1094,11,13,5,5
1095,7,10,7,3
1096,4,6,1,2
1097,21,5,2,8
1098,8,15,3,6
1099,18,21,4,2
1100,5,1,14,6
1101,15,17,1,5
1102,14,0,6,20
1103,3,13,12,9
1104,22,6,1,4
1105,7,17,10,2
1106,15,18,6,4
1107,7,3,14,3
1108,8,9,13,14
1109,6,17,14,5
1110,4,18,5,3
1111,14,17,4,4
1112,4,2,15,8
1113,1,2,3,11
1114,6,0,4,22
1115,5,10,4,12
1116,16,10,2,5
1117,17,18,6,2
1118,6,12,16,10
1119,10,3,1,3
1120,6,9,8,12
1121,9,15,14,4
1122,9,12,6,4
1123,0,7,15,10
1124,4,21,16,1
1125,17,0,3,21
1126,19,16,2,3
1127,10,5,8,7
1128,3,6,11,16
1129,15,8,6,3
1130,22,14,1,5
1131,16,3,4,12
1132,5,3,9,19
1133,18,16,3,4
1134,21,1,1,6
1135,13,9,1,13
1136,21,2,1,10
1137,22,12,1,4
1138,20,14,3,4
1139,5,18,18,3
1140,15,9,8,4
1141,5,22,17,1
1142,11,2,6,11
1143,16,12,7,5
1144,18,16,1,4
1145,6,13,9,7
1146,12,20,8,2
1147,22,12,1,5
1148,17,14,5,2
1149,14,13,3,1
1150,13,20,6,2
1151,1,9,13,14
1152,17,1,4,20
1153,17,5,5,1
1154,2,16,12,3
1155,10,21,4,2
1156,10,6,8,8
1157,18,8,2,3
1158,7,9,12,12
1159,4,12,9,1
1160,13,1,8,17
1161,21,2,1,17
1162,15,21,5,1
1163,18,18,1,4
1164,19,19,2,2
1165,20,22,2,1
1166,10,13,11,9
1167,2,10,15,3
1168,0,11,6,5
1169,4,0,4,21
1170,4,20,10,1
1171,2,5,18,7
1172,18,9,1,1
1173,1,5,7,6
1174,2,9,11,12
1175,0,11,11,12
1176,14,20,1,3
1177,8,22,9,1
1178,21,4,1,16
1179,15,0,8,14
1180,14,20,4,3
1181,15,16,7,2
1182,10,4,4,16
1183,15,3,5,19
1184,18,7,4,2
1185,15,15,3,3
1186,4,20,1,2
1187,22,12,1,10
1188,6,8,14,2
1189,1,3,5,11
1190,0,3,21,14
1191,11,8,6,12
1192,22,0,1,22
1193,12,3,4,19
1194,14,15,8,4
1195,8,1,3,14
1196,22,15,1,2
1197,7,22,5,1
1198,7,19,13,2
1199,2,12,18,9
1200,13,5,6,15
1201,5,17,6,6
1202,10,11,3,6
1203,2,19,15,2
1204,17,18,1,3
1205,7,18,12,1
1206,16,4,7,6
1207,8,11,11,5
1208,6,13,11,1
1209,13,21,6,2
1210,12,9,11,11
1211,17,14,6,3
1212,3,2,4,6
1213,17,14,6,5
1214,7,13,10,5
1215,1,8,2,4
1216,3,11,8,5
1217,5,22,12,1
1218,11,2,4,6
1219,3,7,18,7
1220,11,3,2,11
1221,0,2,10,1
1222,22,6,1,1
1223,20,5,1,14
1224,14,10,9,3
1225,7,3,13,13
1226,0,2,13,1
1227,2,11,19,5
1228,7,21,12,2
1229,15,4,4,9
1230,8,2,11,14
1231,0,2,1,14
1232,0,19,1,4
1233,6,19,14,3
1234,15,20,6,1
1235,21,5,2,5
1236,5,5,17,10
1237,16,5,4,10
1238,16,11,4,6
1239,21,0,2,11
1240,20,21,3,1
1241,3,16,15,1
1242,21,3,2,19
1243,15,8,3,12
1244,4,17,16,1
1245,10,16,6,3
1246,2,8,19,1
1247,1,5,8,17
1248,3,7,10,5
1249,15,5,1,12
1250,0,11,13,10
1251,15,1,8,4
1252,10,15,10,6
1253,8,1,10,16
1254,18,16,3,3
1255,19,13,4,9
1256,21,5,1,11
1257,15,12,5,11
1258,6,11,12,9
1259,14,13,2,4
1260,8,8,10,4
1261,11,22,1,1
1262,3,12,16,11
1263,2,16,3,5
1264,21,18,2,2
1265,20,20,1,2
1266,9,9,5,6
1267,18,11,4,8
1268,19,8,1,15
1269,13,9,6,10
1270,4,19,8,2
1271,9,17,11,6
1272,16,11,3,12
1273,0,18,20,1
1274,4,5,2,15
1275,12,3,4,7
1276,3,9,10,7
1277,15,10,4,4
1278,11,5,7,5
1279,8,7,6,3
1280,2,15,18,1
1281,2,8,5,5
1282,18,18,5,4
1283,2,15,12,2
1284,12,12,5,8
1285,21,12,2,4
1286,21,18,1,1
1287,13,0,6,6
1288,11,12,2,6
1289,16,13,3,6
1290,4,3,6,5
1291,18,18,4,5
1292,1,8,4,15
1293,0,12,16,10
1294,3,9,18,9
1295,13,10,10,5
1296,3,5,19,3
1297,4,19,4,1
1298,0,4,17,7
1299,12,19,5,4
1300,2,19,8,1
1301,11,8,4,3
1302,14,8,7,1
1303,20,15,2,1
1304,18,4,4,5
1305,10,13,4,6
1306,2,17,17,1
1307,20,18,1,1
1308,4,13,13,2
1309,15,10,4,5
1310,16,1,5,4
1311,3,13,13,2
1312,2,2,3,7
1313,13,21,3,2
1314,12,4,7,8
1315,0,1,6,9
1316,11,13,3,2
1317,22,5,1,14
1318,20,16,1,2
1319,7,4,6,18
1320,21,22,1,1
1321,18,8,2,7
1322,20,21,2,1
1323,4,22,1,1
1324,3,10,17,2
1325,21,8,2,7
1326,9,15,11,5
1327,8,7,14,12
1328,10,22,6,1
1329,5,1,4,14
1330,14,20,6,1
1331,9,9,7,6
1332,15,15,8,8
1333,0,1,9,12
1334,12,15,2,4
1335,11,14,7,3
1336,22,22,1,1
1337,12,6,8,15
1338,17,12,4,4
1339,4,14,8,9
1340,9,16,12,3
1341,17,21,1,2
1342,16,13,4,1
1343,18,19,5,4
1344,0,16,19,1
1345,5,22,8,1
1346,18,20,5,3
1347,12,15,8,4
1348,20,6,2,11
1349,21,15,2,3
1350,9,8,10,2
1351,11,11,1,11
1352,12,17,7,1
1353,9,5,5,7
1354,4,22,1,1
1355,10,15,5,8
1356,17,8,1,7
1357,12,18,8,4
1358,17,9,1,13
1359,16,8,2,3
1360,12,3,8,6
1361,3,0,3,6
1362,13,20,5,1
1363,18,22,5,1
1364,20,5,1,13
1365,2,3,20,18
1366,14,8,7,14
1367,22,15,1,7
1368,11,7,5,12
1369,12,4,6,11
1370,8,10,4,3
1371,11,3,12,19
1372,7,21,12,1
1373,2,1,3,7
1374,20,3,1,9
1375,7,6,13,3
1376,1,22,6,1
1377,11,4,8,7
1378,22,3,1,3
1379,13,14,3,4
1380,19,6,2,13
1381,20,3,3,18
1382,12,9,6,7
1383,11,19,7,3
1384,0,8,21,15
1385,17,13,2,9
1386,17,7,6,9
1387,9,10,8,4
1388,9,15,1,2
1389,4,10,4,3
1390,4,3,8,16
1391,22,10,1,9
1392,19,13,2,6
1393,21,11,1,5
1394,17,16,1,4
1395,20,22,3,1
1396,14,7,3,1
1397,19,2,1,21
1398,9,21,4,2
1399,16,7,6,8
1400,9,11,14,11
1401,6,0,12,19
1402,21,9,2,9
1403,13,15,10,1
1404,22,10,1,1
1405,11,18,7,1
1406,8,2,15,4
1407,6,22,10,1
1408,11,15,5,6
1409,22,13,1,1
1410,22,16,1,6
1411,18,5,4,17
1412,1,8,6,4
1413,8,5,5,6
1414,3,2,17,11
1415,21,1,1,15
1416,1,12,5,7
1417,5,20,8,2
1418,16,20,7,2
1419,19,22,2,1
1420,21,3,2,7
1421,1,6,22,13
1422,8,20,8,2
1423,19,18,4,4
1424,18,10,5,5
1425,7,13,14,6
1426,7,15,14,5
1427,3,19,7,3
1428,1,4,21,5
1429,17,22,4,1
1430,20,0,3,19
1431,13,20,10,3
1432,16,10,3,1
1433,8,3,10,3
1434,18,6,4,9
1435,16,20,1,3
1436,3,0,10,3
1437,8,22,9,1
1438,21,0,2,22
1439,15,20,1,2
1440,2,0,16,6
1441,7,15,15,7
1442,4,20,6,3
1443,7,11,16,7
1444,1,2,3,6
1445,8,18,3,1
1446,4,10,4,4
1447,21,4,1,3
1448,9,13,11,10
1449,10,7,2,14
1450,10,9,3,4
1451,15,16,5,3
1452,21,11,1,2
1453,14,20,9,3
1454,20,21,3,1
1455,21,1,1,11
1456,20,12,1,5
1457,7,6,14,9
1458,19,10,1,4
1459,1,12,16,4
1460,15,4,6,1
1461,8,18,3,4
1462,13,15,6,2
1463,0,15,9,8
1464,3,5,20,9
1465,9,9,7,10
1466,6,15,3,2
1467,19,10,3,5
1468,22,11,1,5
1469,21,10,1,5
1470,5,20,13,2
1471,7,19,14,1
1472,14,9,3,12
1473,17,11,4,11
1474,15,19,6,1
1475,20,15,1,7
1476,12,12,8,7
1477,4,18,9,4
1478,8,21,3,1
1479,17,14,1,3
1480,15,17,2,6
1481,4,9,3,4
1482,6,12,5,9
1483,3,13,16,6
1484,13,7,6,12
1485,11,20,5,3
1486,2,21,1,2
1487,0,10,19,6
1488,14,5,2,2
1489,20,8,3,6
1490,11,16,2,5
1491,5,12,18,1
1492,20,9,3,1
1493,20,2,1,14
1494,0,20,5,1
1495,6,1,6,3
1496,13,5,5,11
1497,0,0,9,19
1498,7,16,16,6
1499,12,11,3,5
1500,13,18,8,4
1501,11,2,9,3
1502,0,14,5,5
1503,15,8,5,1
1504,11,12,9,10
1505,2,6,11,13
1506,18,12,2,9
1507,4,21,17,2
1508,7,18,6,3
1509,11,7,5,3
1510,11,4,11,16
1511,14,20,6,3
1512,2,2,17,20
1513,22,15,1,5
1514,19,6,3,11
1515,18,13,1,7
1516,14,2,7,18
1517,13,17,3,1
1518,14,2,8,10
1519,20,5,3,3
1520,11,2,5,18
1521,6,8,10,3
1522,11,19,6,2
1523,20,22,1,1
1524,20,13,3,6
1525,8,9,8,1
1526,15,6,7,11
1527,21,4,2,4
1528,5,17,13,2
1529,4,13,3,6
1530,12,22,3,1
1531,4,15,2,2
1532,1,11,8,8
1533,16,2,3,10
1534,2,9,17,4
1535,18,15,5,4
1536,22,1,1,5
1537,7,19,16,2
1538,21,2,1,17
1539,19,15,1,8
1540,12,19,4,4
1541,0,21,3,1
1542,10,12,11,6
1543,18,11,4,3
1544,11,19,7,1
1545,11,10,6,1
1546,9,21,8,1
1547,11,0,6,11
1548,11,11,3,8
1549,3,11,17,5
1550,17,14,3,7
1551,9,6,4,8
1552,6,4,6,14
1553,2,4,4,10
1554,11,7,3,15
1555,15,11,3,9
1556,18,9,2,2
1557,1,20,4,2
1558,10,8,5,6
1559,15,10,8,7
1560,1,10,17,2
1561,1,22,10,1
1562,4,12,4,11
1563,21,4,2,1
1564,11,2,10,8
1565,7,6,15,11
1566,18,21,4,2
1567,15,6,6,17
1568,9,9,10,2
1569,7,22,6,1
1570,18,16,2,3
1571,5,8,4,8
1572,10,11,9,3
1573,15,20,2,2
1574,19,7,4,7
1575,9,17,2,4
1576,10,1,4,8
1577,22,1,1,20
1578,15,20,5,2
1579,11,8,2,7
1580,18,20,4,3
1581,9,5,13,11
1582,4,6,4,3
1583,15,8,3,15
1584,8,2,5,11
1585,22,0,1,4
1586,13,5,3,9
1587,19,2,2,11
1588,0,11,15,4
1589,8,1,7,1
1590,3,19,17,4
1591,18,10,4,5
1592,3,7,16,13
1593,21,21,1,1
1594,8,19,1,2
1595,18,1,2,12
1596,2,21,7,2
1597,18,2,5,10
1598,22,17,1,6
1599,10,1,5,8
1600,13,15,8,7
1601,20,18,3,5
1602,4,7,6,12
1603,9,18,7,4
1604,1,20,12,3
1605,15,3,8,11
1606,4,1,17,13
1607,19,21,2,2
1608,13,10,8,10
1609,21,18,2,4
1610,5,10,11,7
1611,7,22,15,1
1612,13,22,1,1
1613,6,22,14,1
1614,3,7,1,12
1615,20,7,3,16
1616,13,10,1,4
1617,16,12,7,8
1618,20,9,1,14
1619,4,19,14,1
1620,12,21,4,2
1621,22,16,1,4
1622,14,11,3,4
1623,5,3,6,10
1624,8,13,8,5
1625,1,7,15,7
1626,2,1,20,10
1627,4,0,13,11
1628,10,6,10,6
1629,7,1,14,10
1630,5,11,18,5
1631,17,8,1,12
1632,6,18,17,5
1633,22,0,1,3
1634,18,1,5,5
1635,22,9,1,14
1636,14,9,5,1
1637,17,10,2,5
1638,4,18,1,4
1639,3,6,10,9
1640,20,6,3,16
1641,9,2,14,21
1642,19,17,1,6
1643,8,12,1,9
1644,22,17,1,2
1645,7,21,14,1
1646,6,0,2,5
1647,20,13,2,10
1648,6,9,6,11
1649,3,15,6,4
1650,21,3,2,8
1651,22,11,1,7
1652,6,19,8,1
1653,5,21,2,1
1654,18,21,2,1
1655,4,13,17,5
1656,10,20,7,1
1657,21,4,2,18
1658,18,10,1,7
1659,3,10,20,9
1660,9,10,11,12
1661,18,2,3,5
1662,8,0,7,8
1663,7,19,4,4
1664,2,18,2,2
1665,14,4,3,6
1666,20,1,2,22
1667,10,14,8,2
1668,3,12,18,8
1669,14,15,3,1
1670,11,5,6,9
1671,14,20,7,2
1672,3,1,3,22
1673,2,20,5,3
1674,8,11,1,10
1675,16,17,6,1
1676,22,17,1,4
1677,22,10,1,3
1678,12,19,2,4
1679,0,18,16,5
1680,12,20,6,1
1681,17,12,1,10
1682,9,16,2,6
1683,14,8,8,15
1684,18,8,2,12
1685,12,0,10,3
1686,6,18,11,1
1687,11,7,8,15
1688,11,19,4,1
1689,15,13,5,9
1690,13,12,6,11
1691,1,17,12,6
1692,17,20,5,1
1693,22,20,1,2
1694,5,0,11,11
1695,2,2,15,18
1696,18,18,2,5
1697,4,1,3,15
1698,3,8,16,14
1699,3,1,11,19
1700,4,20,3,2
1701,1,0,22,21
1702,5,17,13,1
1703,3,15,6,3
1704,5,1,6,21
1705,4,20,14,1
1706,1,18,15,4
1707,8,7,13,12
1708,3,4,13,16
1709,3,3,4,18
1710,20,9,3,14
1711,1,4,20,3
1712,7,20,14,1
1713,1,21,21,2
1714,21,10,2,11
1715,4,19,11,2
1716,13,10,6,11
1717,1,13,9,7
1718,18,14,5,1
1719,13,19,4,2
1720,5,14,7,5
1721,10,4,3,12
1722,19,13,1,10
1723,3,12,4,1
1724,15,2,3,14
1725,1,8,12,1
1726,22,19,1,3
1727,1,0,17,19
1728,8,8,2,12
1729,4,22,6,1
1730,14,14,4,3
1731,9,0,6,22
1732,2,13,15,3
1733,8,22,14,1
1734,4,3,16,5
1735,17,15,6,8
1736,22,0,1,2
1737,0,18,21,5
1738,1,0,16,10
1739,16,1,5,12
1740,14,1,3,22
1741,14,17,2,5
1742,21,10,1,10
1743,12,13,5,8
1744,4,13,8,8
1745,8,18,9,4
1746,0,8,19,12
1747,18,12,3,10
1748,6,17,6,2
1749,9,22,14,1
1750,9,5,8,16
1751,9,0,11,3
1752,16,15,5,2
1753,15,16,6,1
1754,18,20,3,1
1755,19,22,1,1
1756,20,7,1,12
1757,9,11,2,11
1758,9,15,6,8
1759,5,17,7,1
1760,5,5,3,8
1761,11,16,12,5
1762,20,22,2,1
1763,22,14,1,9
1764,9,15,2,1
1765,11,9,2,13
1766,10,9,6,7
1767,1,13,7,7
1768,16,13,7,1
1769,22,13,1,3
1770,15,21,3,1
1771,15,18,5,4
1772,20,3,3,12
1773,3,7,5,12
1774,7,3,7,6
1775,1,12,17,11
1776,9,14,4,7
1777,3,12,20,11
1778,8,14,13,3
1779,0,9,6,14
1780,13,0,6,9
1781,8,20,12,3
1782,21,21,2,2
1783,0,6,9,16
1784,19,15,3,5
1785,14,22,8,1
1786,18,20,3,2
1787,17,21,5,2
1788,11,1,1,3
1789,6,12,8,9
1790,9,14,12,3
1791,7,17,13,2
1792,4,15,11,4
1793,14,6,3,17
1794,12,20,11,1
1795,4,6,3,4
1796,6,4,8,13
1797,12,20,10,3
1798,2,10,5,10
1799,15,20,2,1
1800,10,9,7,12
1801,11,17,1,3
1802,21,6,1,11
1803,6,13,8,7
1804,6,3,13,9
1805,19,9,1,14
1806,12,11,8,7
1807,14,9,4,4
1808,7,16,4,3
1809,11,20,11,3
1810,8,22,8,1
1811,4,18,1,3
1812,16,15,5,5
1813,18,14,1,9
1814,3,22,13,1
1815,9,20,3,1
1816,11,17,8,6
1817,20,12,3,4
1818,5,19,11,2
1819,6,20,13,3
1820,14,11,7,6
1821,16,7,7,8
1822,17,7,1,12
1823,13,5,1,8
1824,13,2,5,21
1825,2,11,3,9
1826,21,15,2,1
1827,8,17,3,5
1828,6,2,1,19
1829,8,18,14,1
1830,6,14,10,4
1831,13,21,10,1
1832,2,21,6,1
1833,4,22,15,1
1834,14,5,2,5
1835,16,22,2,1
1836,22,5,1,1
1837,8,18,11,1
1838,0,19,3,2
1839,21,10,1,5
1840,10,3,4,17
1841,0,2,11,14
1842,16,15,2,1
1843,2,21,8,1
1844,5,15,17,5
1845,14,13,8,1
1846,8,9,4,11
1847,2,5,13,14
1848,0,5,11,13
1849,21,6,1,5
1850,21,8,2,8
1851,17,17,1,5
1852,7,18,3,4
1853,7,17,6,3
1854,22,9,1,13
1855,3,7,10,2
1856,11,9,10,4
1857,17,14,4,8
1858,1,10,6,3
1859,8,5,8,12
1860,16,9,1,1
1861,16,9,5,3
1862,6,16,2,1
1863,21,7,1,1
1864,17,11,4,12
1865,0,2,14,6
1866,18,6,5,5
1867,15,1,4,11
1868,12,9,11,8
1869,17,6,3,16
1870,9,17,12,1
1871,1,21,11,1
1872,12,5,10,6
1873,8,9,6,12
1874,6,9,15,2
1875,4,0,9,4
1876,2,19,3,2
1877,14,19,4,4
1878,13,9,2,2
1879,18,21,5,2
1880,15,13,5,9
1881,4,14,8,8
1882,4,12,1,8
1883,7,22,3,1
1884,4,14,13,6
1885,3,8,3,14
1886,2,10,16,12
1887,1,19,4,3
1888,4,15,3,2
1889,14,5,9,5
1890,20,14,2,4
1891,9,5,5,8
1892,4,17,18,5
1893,10,22,9,1
1894,17,8,3,6
1895,1,8,12,8
1896,12,14,9,5
1897,6,6,1,16
1898,18,16,2,2
1899,12,5,11,12
1900,22,11,1,10
1901,13,15,9,2
1902,1,22,9,1
1903,15,14,8,7
1904,7,21,9,2
1905,14,1,5,12
1906,14,5,3,8
1907,18,10,3,6
1908,21,17,2,5
1909,19,6,1,11
1910,4,13,7,8
1911,9,21,2,1
1912,10,21,6,2
1913,14,4,1,11
1914,13,15,8,3
1915,14,22,1,1
1916,21,16,2,5
1917,15,18,7,5
1918,2,18,1,4
1919,13,6,6,12
1920,3,18,17,3
1921,18,5,4,6
1922,18,7,4,13
1923,16,12,7,11
1924,11,8,9,9
1925,3,6,10,17
1926,1,17,4,2
1927,19,18,3,5
1928,6,22,11,1
1929,16,13,7,4
1930,4,2,19,11
1931,8,10,14,5
1932,2,6,14,12
1933,16,16,5,7
1934,20,22,3,1
1935,11,18,1,5
1936,22,17,1,3
1937,20,5,1,17
1938,21,1,2,5
1939,11,6,5,16
1940,15,12,1,10
1941,16,2,6,19
1942,1,15,7,4
1943,6,4,6,15
1944,18,21,4,1
1945,0,3,17,3
1946,20,4,3,12
1947,9,0,8,6
1948,10,15,10,6
1949,5,2,2,20
1950,22,1,1,19
1951,10,1,7,6
1952,2,9,12,6
1953,22,8,1,10
1954,12,13,10,5
1955,15,0,2,5
1956,10,2,13,18
1957,17,22,6,1
1958,15,22,5,1
1959,2,9,19,2
1960,15,16,8,7
1961,17,15,1,8
1962,16,19,3,4
1963,11,5,6,8
1964,7,13,16,1
1965,17,0,6,2
1966,3,15,14,5
1967,9,4,4,13
1968,9,13,8,9
1969,2,22,3,1
1970,0,13,11,6
1971,16,20,3,1
1972,9,9,13,9
1973,11,15,10,8
1974,7,8,13,7
1975,1,20,8,2
1976,17,8,3,11
1977,4,11,19,12
1978,21,5,2,18
1979,5,11,1,8
1980,5,18,11,1
1981,5,19,15,3
1982,8,7,14,3
1983,1,16,7,1
1984,4,19,5,3
1985,17,15,6,6
1986,22,9,1,7
1987,5,8,4,10
1988,5,6,3,8
1989,14,12,9,1
1990,2,11,13,1
1991,16,3,3,12
1992,2,1,6,12
1993,20,13,2,8
1994,10,13,6,1
1995,8,20,11,1
1996,19,7,4,9
1997,21,13,1,1
1998,21,14,2,5
1999,15,22,3,1
2000,15,7,6,3
2001,12,12,10,6
2002,16,13,2,8
2003,3,11,19,2
2004,18,15,2,6
2005,2,1,19,5
2006,7,7,8,5
2007,5,7,7,4
2008,13,18,7,4
2009,8,5,3,18
2010,8,9,8,11
2011,12,17,11,3
2012,9,19,3,2
2013,8,5,4,18
2014,1,10,20,3
2015,6,6,3,3
2016,11,21,2,1
2017,21,15,2,8
2018,11,4,5,15
2019,12,12,3,7
2020,3,10,4,12
2021,6,19,17,4
2022,6,16,17,2
2023,0,5,6,7
2024,10,0,11,2
2025,6,11,10,9
2026,4,22,8,1
2027,6,10,10,4
2028,4,22,13,1
2029,12,9,4,11
2030,15,3,3,12
2031,1,15,12,8
2032,17,10,2,8
2033,5,2,10,3
2034,19,8,1,9
2035,20,19,2,2
2036,19,0,1,21
2037,9,14,5,8
2038,7,19,11,1
2039,0,17,8,4
2040,22,0,1,12
2041,8,17,6,6
2042,16,16,2,7
2043,9,9,13,1
2044,8,22,13,1
2045,1,9,3,10
2046,2,15,5,4
2047,11,2,5,14
2048,16,7,2,15
2049,11,6,11,13
2050,20,16,3,2
2051,2,22,16,1
2052,15,16,4,3
2053,4,22,8,1
2054,22,17,1,6
2055,10,20,8,1
2056,11,15,8,2
2057,16,19,4,3
2058,8,16,7,5
2059,6,20,15,3
2060,20,1,2,22
2061,17,2,4,6
2062,7,11,3,9
2063,17,8,3,1
2064,5,20,17,2
2065,15,2,8,16
2066,2,12,3,9
2067,2,7,16,5
2068,5,17,4,4
2069,20,19,2,4
2070,9,18,3,4
2071,13,3,6,18
2072,14,9,7,7
2073,7,0,16,2
2074,6,12,16,11
2075,15,17,3,5
2076,6,0,4,18
2077,2,13,14,6
2078,2,21,11,1
2079,4,8,12,11
2080,12,2,7,9
2081,8,21,14,2
2082,17,16,1,1
2083,16,6,6,9
2084,20,3,3,10
2085,6,20,15,3
2086,18,21,3,1
2087,17,12,2,11
2088,15,14,2,3
2089,21,22,2,1
2090,6,11,10,2
2091,13,1,10,11
2092,19,0,4,14
2093,20,9,3,4
2094,11,11,2,10
2095,9,3,13,1
2096,16,13,6,7
2097,22,5,1,8
2098,16,15,1,6
2099,14,0,4,19
2100,18,19,4,2
2101,11,8,11,6
2102,4,17,18,4
2103,4,21,5,2
2104,7,18,13,2
2105,14,16,6,3
2106,9,20,1,1
2107,7,14,15,5
2108,6,7,9,14
2109,10,13,2,4
2110,12,22,10,1
2111,13,20,8,3
2112,2,12,1,11
2113,19,18,1,4
2114,11,19,8,4
2115,5,6,10,10
2116,5,0,3,2
2117,11,11,7,10
2118,0,8,13,11
2119,13,11,5,1
2120,0,17,4,2
2121,18,21,5,1
2122,16,1,6,13
2123,9,21,11,2
2124,20,16,2,7
2125,14,22,9,1
2126,0,14,19,4
2127,3,20,10,3
2128,5,17,2,1
2129,17,7,6,8
2130,9,4,5,4
2131,12,2,6,14
2132,0,9,10,8
2133,19,3,1,5
2134,7,7,5,6
2135,2,9,13,14
2136,13,19,8,4
2137,13,3,1,2
2138,8,12,9,7
2139,20,15,3,8
2140,15,16,4,5
2141,2,1,10,20
2142,9,12,6,5
2143,12,9,2,7
2144,15,22,6,1
2145,19,16,3,3
2146,21,7,2,1
2147,18,2,5,9
2148,9,10,9,8
2149,17,14,2,1
2150,22,2,1,16
2151,1,17,5,3
2152,7,18,10,3
2153,21,7,2,3
2154,14,12,5,8
2155,18,5,2,16
2156,1,17,7,6
2157,18,13,4,1
2158,4,5,16,16
2159,4,19,13,4
2160,18,7,5,12
2161,6,1,15,21
2162,18,6,5,17
2163,21,14,1,8
2164,19,7,2,13
2165,14,10,7,7
2166,11,5,2,16
2167,3,18,11,3
2168,21,14,1,3
2169,3,8,19,6
2170,14,1,4,13
2171,7,5,2,4
2172,19,5,4,6
2173,8,6,5,17
2174,16,16,4,6
2175,1,15,9,3
2176,4,9,11,9
2177,0,3,12,6
2178,22,2,1,8
2179,12,20,7,2
2180,19,4,4,7
2181,17,13,4,5
2182,3,3,5,3
2183,14,19,6,4
2184,1,19,3,4
2185,16,7,4,8
2186,1,13,12,9
2187,11,14,1,8
2188,2,7,2,9
2189,6,1,10,9
2190,2,12,21,1
2191,0,0,11,15
2192,4,15,12,2
2193,14,2,8,14
2194,22,1,1,5
2195,11,7,1,12
2196,21,10,1,13
2197,4,7,14,5
2198,16,16,4,7
2199,10,3,13,17
2200,1,0,22,21
2201,17,16,6,3
2202,21,10,1,11
2203,12,5,3,7
2204,8,21,6,2
2205,16,1,2,15
2206,3,6,18,6
2207,13,12,2,2
2208,4,17,6,5
2209,17,15,6,8
2210,7,10,2,7
2211,16,22,5,1
2212,21,6,2,17
2213,19,0,4,7
2214,0,16,8,4
2215,3,18,2,2
2216,13,16,8,7
2217,21,2,2,4
2218,21,9,1,6
2219,16,22,4,1
2220,1,0,17,23
2221,0,15,3,1
2222,15,2,2,21
2223,18,1,3,16
2224,19,4,4,5
2225,20,5,3,6
2226,4,4,16,1
2227,3,9,16,10
2228,12,11,7,5
2229,20,16,3,7
2230,21,21,2,1
2231,3,13,12,2
2232,1,14,20,3
2233,0,18,17,3
2234,0,12,23,5
2235,20,10,1,3
2236,12,1,8,8
2237,4,9,9,14
2238,7,0,5,1
2239,17,7,2,16
2240,2,11,21,7
2241,20,10,1,8
2242,14,11,2,4
2243,20,20,1,3
2244,22,10,1,12
2245,6,5,9,5
2246,4,17,1,1
2247,18,2,3,21
2248,3,8,19,15
2249,12,1,1,1
2250,19,22,2,1
2251,22,9,1,6
2252,3,22,6,1
2253,22,4,1,14
2254,12,15,8,2
2255,9,16,12,3
2256,15,22,3,1
2257,5,3,7,10
2258,5,15,15,8
2259,7,20,16,2
2260,6,17,5,3
2261,5,18,10,1
2262,14,7,5,8
2263,22,17,1,4
2264,10,1,1,5
2265,2,21,16,1
2266,21,3,1,6
2267,22,15,1,1
2268,9,6,6,4
2269,16,22,1,1
2270,7,6,16,16
2271,4,21,15,2
2272,12,4,11,18
2273,12,7,3,9
2274,21,13,2,8
2275,4,4,17,8
2276,12,0,8,21
2277,10,3,6,2
2278,17,7,3,15
2279,16,20,4,2
2280,5,13,2,5
2281,5,19,10,2
2282,1,15,14,6
2283,11,2,8,2
2284,13,8,10,8
2285,14,0,2,12
2286,20,13,3,3
2287,12,16,2,5
2288,17,18,1,3
2289,9,0,14,3
2290,4,21,2,1
2291,3,1,14,6
2292,0,17,4,4
2293,3,22,1,1
2294,9,2,5,11
2295,21,13,2,2
2296,5,14,18,3
2297,19,21,3,2
2298,19,13,1,8
2299,21,2,1,5
2300,14,7,7,15
2301,3,10,7,4
2302,22,13,1,3
2303,0,18,13,4
2304,22,2,1,1
2305,0,21,11,2
2306,7,16,8,6
2307,20,15,1,8
2308,21,3,2,9
2309,3,8,18,14
2310,9,16,14,5
2311,17,0,5,19
2312,18,4,4,19
2313,21,22,2,1
2314,14,4,3,12
2315,21,14,2,4
2316,15,18,7,4
2317,4,0,4,14
2318,2,5,10,15
2319,21,4,2,13
2320,9,16,7,4
2321,4,1,18,10
2322,2,16,5,5
2323,21,13,2,1
2324,15,19,1,3
2325,5,21,13,1
2326,6,22,9,1
2327,16,3,5,15
2328,8,21,9,1
2329,2,12,11,10
2330,6,7,5,2
2331,7,4,5,18
2332,12,6,11,5
2333,16,22,3,1
2334,22,19,1,1
2335,0,11,8,12
2336,0,11,9,4
2337,4,20,18,2
2338,7,9,8,7
2339,14,1,4,16
2340,14,11,6,2
2341,20,13,3,5
2342,17,2,6,21
2343,21,9,2,8
2344,17,18,2,4
2345,1,3,3,10
2346,7,7,5,12
2347,18,20,3,2
2348,3,13,20,4
2349,14,10,1,11
2350,22,2,1,13
2351,9,8,5,5
2352,5,18,11,4
2353,6,21,3,1
2354,5,15,12,6
2355,9,12,11,2
2356,16,19,7,1
2357,2,1,12,17
2358,19,17,2,2
2359,10,0,10,19
2360,13,2,7,2
2361,4,1,4,16
2362,14,16,4,4
2363,1,20,1,3
2364,1,1,4,9
2365,11,4,5,17
2366,16,2,1,20
2367,8,6,15,11
2368,12,2,4,4
2369,2,8,13,13
2370,21,20,1,1
2371,2,6,19,12
2372,14,22,7,1
2373,8,13,5,6
2374,14,1,9,18
2375,10,14,13,4
2376,18,10,4,1
2377,16,16,7,3
2378,9,17,5,6
2379,8,3,14,4
2380,17,19,6,2
2381,21,7,2,10
2382,4,0,17,2
2383,20,4,1,12
2384,12,0,7,23
2385,11,7,12,6
2386,6,7,16,3
2387,3,18,13,2
2388,3,10,9,12
2389,18,7,1,1
2390,14,18,6,5
2391,19,13,3,6
2392,16,7,2,1
2393,7,13,16,7
2394,4,6,18,16
2395,3,14,13,8
2396,6,20,11,1
2397,3,11,11,8
2398,13,1,3,6
2399,2,22,12,1
2400,10,9,8,10
2401,2,3,19,12
2402,21,4,2,7
2403,17,13,6,6
2404,21,12,2,8
2405,20,17,2,2
2406,13,11,3,8
2407,4,1,6,18
2408,10,6,2,10
2409,5,16,7,4
2410,15,7,5,13
2411,15,4,2,12
2412,8,18,1,5
2413,9,10,5,7
2414,4,21,10,2
2415,21,6,2,11
2416,2,3,20,20
2417,0,4,1,11
2418,5,4,5,10
2419,16,12,4,7
2420,1,7,20,15
2421,2,7,1,5
2422,5,4,7,7
2423,11,4,2,14
2424,12,6,3,10
2425,17,19,1,2
2426,4,12,3,2
2427,14,4,5,16
2428,16,13,5,4
2429,2,7,5,4
2430,2,8,6,12
2431,20,16,1,6
2432,22,4,1,2
2433,18,21,2,1
2434,14,18,9,1
2435,19,18,2,4
2436,4,2,13,2
2437,15,11,7,7
2438,21,11,2,1
2439,7,10,9,10
2440,22,4,1,4
2441,8,12,3,1
2442,14,4,5,16
2443,10,12,7,6
2444,4,17,8,5
2445,19,17,3,2
2446,20,9,3,8
2447,5,16,17,4
2448,7,16,7,4
2449,18,13,3,7
2450,10,12,9,6
2451,4,7,6,2
2452,13,16,1,7
2453,21,8,2,3
2454,2,9,4,7
2455,10,10,5,9
2456,19,22,4,1
2457,14,5,2,18
2458,17,0,2,19
2459,3,11,11,10
2460,21,6,1,1
2461,7,18,3,1
2462,11,6,8,10
2463,1,10,21,12
2464,14,21,3,1
2465,19,1,2,20
2466,12,10,7,7
2467,4,18,8,2
2468,19,8,1,13
2469,7,11,8,12
2470,0,21,7,1
2471,14,22,6,1
2472,7,6,15,6
2473,3,2,6,7
2474,3,11,3,7
2475,17,13,3,2
2476,10,22,8,1
2477,3,9,18,1
2478,15,0,4,6
2479,9,8,12,8
2480,15,7,5,12
2481,3,5,6,5
2482,0,4,23,11
2483,1,12,5,9
2484,10,18,9,3
2485,21,19,2,1
2486,1,14,22,2
2487,6,0,1,20
2488,19,14,1,6
2489,15,14,7,5
2490,1,9,11,3
2491,4,10,15,11
2492,2,0,9,18
2493,5,22,5,1
2494,7,12,2,8
2495,6,14,17,3
2496,2,0,6,17
2497,19,13,3,2
2498,12,7,7,4
2499,13,0,3,19
2500,13,15,9,1
2501,2,21,9,1
2502,11,10,3,3
2503,14,18,6,2
2504,18,6,2,2
2505,16,18,1,3
2506,2,13,9,8
2507,0,16,3,6
2508,1,17,4,4
2509,2,9,9,5
2510,5,3,15,1
2511,0,6,6,14
2512,6,20,14,3
2513,16,22,5,1
2514,22,17,1,5
2515,7,0,8,4
2516,21,6,1,14
2517,6,14,13,4
2518,5,13,2,8
2519,1,20,6,3
2520,6,19,17,1
2521,17,4,3,10
2522,10,19,10,4
2523,19,21,2,1
2524,9,1,3,11
2525,5,4,3,11
2526,21,16,1,6
2527,7,2,12,17
2528,18,1,4,2
2529,11,10,10,10
2530,7,2,16,12
2531,9,14,1,3
2532,2,18,2,4
2533,18,1,1,16
2534,18,21,5,2
2535,8,1,6,1
2536,18,20,3,3
2537,21,7,2,15
2538,8,16,2,5
2539,13,19,6,2
2540,2,18,12,5
2541,10,22,9,1
2542,18,16,5,2
2543,12,8,10,14
2544,20,15,3,8
2545,5,13,15,5
2546,7,22,15,1
2547,18,12,5,2
2548,12,15,3,1
2549,11,9,5,14
2550,14,19,4,3
2551,22,11,1,8
2552,13,5,2,15
2553,0,11,6,10
2554,15,15,8,7
2555,20,0,2,6
2556,0,3,7,19
2557,19,16,4,7
2558,12,20,11,2
2559,6,21,12,2
2560,22,3,1,4
2561,1,12,12,7
2562,7,14,14,4
2563,1,3,12,6
2564,14,8,3,5
2565,21,0,1,9
2566,15,5,1,4
2567,14,7,9,13
2568,22,17,1,5
2569,22,2,1,18
2570,21,18,2,1
2571,8,11,11,5
2572,22,15,1,3
2573,19,0,1,5
2574,18,9,3,14
2575,12,19,2,4
2576,0,12,5,4
2577,16,12,3,6
2578,18,6,4,2
2579,9,7,4,11
2580,5,1,12,1
2581,21,13,1,9
2582,20,17,3,1
2583,3,22,7,1
2584,19,21,3,1
2585,19,3,3,2
2586,12,21,3,1
2587,2,2,13,15
2588,4,7,19,4
2589,10,4,4,12
2590,4,2,14,14
2591,4,15,14,6
2592,22,8,1,14
2593,20,0,1,3
2594,13,17,3,4
2595,13,10,3,1
2596,7,6,8,10
2597,7,11,11,5
2598,1,1,10,6
2599,10,9,12,10
2600,2,8,8,8
2601,18,22,4,1
2602,17,18,2,5
2603,18,17,2,5
2604,1,16,4,2
2605,3,14,18,3
2606,14,21,2,1
2607,4,10,14,3
2608,19,20,3,1
2609,4,2,3,14
2610,22,16,1,2
2611,22,19,1,1
2612,20,8,1,4
2613,2,14,8,3
2614,20,15,2,2
2615,3,18,3,1
2616,1,10,17,1
2617,1,9,18,2
2618,4,3,19,5
2619,14,8,8,5
2620,20,16,3,1
2621,3,13,10,9
2622,6,0,7,10
2623,6,20,3,3
2624,20,7,1,16
2625,18,19,2,4
2626,3,15,2,1
2627,15,15,3,8
2628,8,2,15,10
2629,4,22,12,1
2630,18,21,5,1
2631,22,21,1,1
2632,17,4,4,18
2633,8,10,1,11
2634,3,1,13,18
2635,20,11,3,2
2636,18,20,4,2
2637,20,11,2,2
2638,16,10,6,11
2639,17,1,5,7
2640,4,7,13,9
2641,6,20,7,1
2642,5,15,5,4
2643,4,1,3,11
2644,4,8,18,4
2645,18,18,5,3
2646,19,9,2,3
2647,6,17,10,3
2648,14,2,3,13
2649,13,9,5,2
2650,18,12,3,6
2651,17,8,2,3
2652,3,6,18,17
2653,2,5,17,5
2654,21,1,2,12
2655,16,1,4,22
2656,15,22,7,1
2657,11,19,9,2
2658,19,4,3,3
2659,18,14,2,2
2660,6,6,2,17
2661,21,2,2,12
2662,13,5,3,11
2663,2,5,17,13
2664,17,20,2,3
2665,7,17,2,5
2666,18,13,2,9
2667,1,18,14,4
2668,14,15,6,1
2669,20,9,2,12
2670,2,7,12,4
2671,16,19,1,2
2672,11,10,5,6
2673,1,22,12,1
2674,18,19,1,1
2675,22,13,1,7
2676,3,1,10,13
2677,9,15,10,2
2678,10,10,10,4
2679,10,1,7,18
2680,22,19,1,2
2681,1,1,16,12
2682,21,11,1,9
2683,2,4,4,11
2684,17,8,6,2
2685,1,8,19,4
2686,20,16,2,1
2687,20,8,1,2
2688,8,0,7,20
2689,21,14,2,3
2690,10,5,7,2
2691,22,15,1,8
2692,3,13,13,8
2693,5,17,18,5
2694,3,0,2,2
2695,3,16,16,5
2696,3,2,6,19
2697,9,15,1,2
2698,2,10,9,13
2699,11,19,4,4
2700,0,0,16,12
2701,5,21,18,1
2702,8,22,5,1
2703,17,0,1,10
2704,15,11,6,9
2705,1,6,14,9
2706,20,16,2,7
2707,5,6,8,17
2708,3,5,1,13
2709,1,6,6,10
2710,20,1,1,1
2711,21,20,1,2
2712,19,18,2,1
2713,18,16,4,2
2714,4,7,1,15
2715,21,9,2,8
2716,22,5,1,17
2717,22,9,1,8
2718,13,2,2,11
2719,10,12,2,8
2720,15,8,1,14
2721,19,15,4,4
2722,21,18,1,4
2723,6,9,3,13
2724,7,14,5,1
2725,15,1,8,8
2726,1,20,16,2
2727,21,18,1,4
2728,4,16,8,3
2729,4,16,12,3
2730,2,12,13,7
2731,10,2,2,4
2732,4,4,6,12
2733,22,8,1,3
2734,2,21,17,1
2735,16,9,7,3
2736,2,2,6,4
2737,11,18,4,4
2738,9,7,10,2
2739,12,13,10,7
2740,13,0,5,8
2741,12,16,4,4
2742,11,5,6,8
2743,20,20,2,2
2744,10,4,4,14
2745,4,5,4,9
2746,0,8,9,9
2747,11,9,1,14
2748,3,15,1,8
2749,18,18,2,1
2750,3,8,1,5
2751,4,18,2,2
2752,13,7,10,5
2753,6,6,17,8
2754,21,14,1,6
2755,16,4,1,3
2756,13,3,1,14
2757,19,5,4,3
2758,5,22,6,1
2759,22,10,1,3
2760,4,15,19,3
2761,0,11,15,7
2762,22,0,1,2
2763,12,5,8,9
2764,1,20,5,3
2765,6,11,12,7
2766,0,19,19,3
2767,13,3,5,5
2768,0,3,14,20
2769,20,22,1,1
2770,14,15,9,7
2771,11,15,2,5
2772,17,16,4,2
2773,1,11,15,8
2774,9,16,3,7
2775,5,3,2,18
2776,15,9,8,9
2777,20,8,2,5
2778,10,6,12,14
2779,15,1,7,6
2780,22,9,1,5
2781,8,16,10,3
2782,13,18,9,2
2783,12,7,4,14
2784,21,22,1,1
2785,2,16,6,7
2786,22,1,1,1
2787,5,15,3,6
2788,1,17,18,1
2789,5,6,10,4
2790,12,10,7,13
2791,1,0,3,18
2792,15,3,5,6
2793,14,19,5,1
2794,21,3,1,14
2795,16,18,5,5
2796,19,6,2,17
2797,4,20,11,3
2798,5,19,2,3
2799,18,15,4,8
2800,3,10,7,9
2801,1,9,6,13
2802,16,0,7,5
2803,8,2,15,4
2804,16,1,1,3
2805,16,0,5,12
2806,12,3,6,6
2807,6,16,6,5
2808,8,15,15,4
2809,0,4,3,17
2810,12,3,9,13
2811,14,21,9,1
2812,2,18,10,1
2813,15,13,4,5
2814,1,1,11,20
2815,1,3,7,15
2816,1,3,17,10
2817,0,4,21,14
2818,9,8,2,15
2819,7,2,12,14
2820,6,8,12,3
2821,19,10,1,6
2822,5,15,4,5
2823,3,0,2,10
2824,19,22,1,1
2825,5,7,13,16
2826,11,9,3,13
2827,4,16,13,2
2828,19,7,3,9
2829,18,16,1,6
2830,19,12,2,10
2831,13,20,8,1
2832,2,19,7,2
2833,7,3,5,18
2834,9,22,4,1
2835,17,19,5,1
2836,17,7,1,4
2837,8,19,9,4
2838,15,0,5,20
2839,0,5,9,3
2840,3,16,6,2
2841,20,4,3,5
2842,1,4,18,18
2843,17,1,2,13
2844,1,8,3,3
2845,1,1,3,1
2846,5,12,11,3
2847,7,15,9,6
2848,0,16,10,4
2849,20,22,2,1
2850,2,21,6,2
2851,3,13,11,7
2852,19,15,4,1
2853,4,18,19,1
2854,15,20,3,2
2855,2,10,8,8
2856,18,12,4,7
2857,10,12,9,11
2858,17,21,3,1
2859,7,20,13,2
2860,15,12,6,8
2861,19,20,4,3
2862,0,0,22,10
2863,17,8,3,13
2864,5,12,8,2
2865,3,8,18,10
2866,6,16,17,4
2867,10,0,7,15
2868,16,10,5,13
2869,19,22,3,1
2870,16,1,4,10
2871,6,19,16,3
2872,8,8,13,13
2873,12,17,5,5
2874,19,16,3,7
2875,14,11,2,11
2876,3,3,6,17
2877,13,19,3,3
2878,10,16,7,3
2879,5,17,3,1
2880,13,9,4,2
2881,21,13,2,9
2882,3,11,12,3
2883,11,2,10,21
2884,14,8,2,2
2885,17,22,3,1
2886,10,9,8,11
2887,15,22,3,1
2888,19,10,1,10
2889,10,9,11,4
2890,0,19,19,1
2891,8,22,5,1
2892,17,14,1,3
2893,11,14,5,7
2894,21,20,2,2
2895,6,15,15,1
2896,2,13,6,3
2897,12,0,10,13
2898,0,21,12,2
2899,8,2,1,16
2900,2,10,17,7
2901,10,8,10,3
2902,22,6,1,4
2903,3,5,18,16
2904,0,15,22,7
2905,3,10,10,5
2906,12,5,6,17
2907,18,0,2,15
2908,10,21,8,2
2909,1,0,4,6
2910,18,12,5,1
2911,8,0,3,5
2912,21,5,2,13
2913,2,20,11,3
2914,16,6,3,12
2915,12,11,10,10
2916,8,20,11,2
2917,7,22,10,1
2918,22,19,1,4
2919,3,8,4,15
2920,15,17,5,2
2921,15,1,5,2
2922,11,21,2,1
2923,10,5,3,1
2924,2,20,16,1
2925,3,2,6,7
2926,10,8,7,14
2927,15,5,5,10
2928,10,8,11,8
2929,4,12,14,5
2930,14,13,5,10
2931,2,20,4,2
2932,9,12,6,1
2933,16,0,3,2
2934,3,9,12,3
2935,2,6,9,8
2936,7,4,2,11
2937,21,16,1,3
2938,6,19,15,3
2939,4,20,18,3
2940,17,14,6,8
2941,4,2,3,6
2942,4,8,17,15
2943,19,22,1,1
2944,4,20,19,2
2945,20,0,2,17
2946,11,12,5,7
2947,12,17,11,2
2948,1,3,14,10
2949,15,4,7,13
2950,13,10,5,7
2951,13,22,1,1
2952,7,7,12,5
2953,18,10,3,11
2954,19,5,1,1
2955,14,2,3,18
2956,13,8,5,11
2957,5,0,8,14
2958,5,20,1,3
2959,8,21,3,1
2960,21,3,2,20
2961,0,9,3,9
2962,5,7,17,14
2963,17,0,1,4
2964,11,0,1,4
2965,0,8,2,9
2966,0,7,19,11
2967,5,0,1,22
2968,14,21,8,2
2969,8,18,3,3
2970,5,17,9,6
2971,2,11,14,5
2972,4,18,16,5
2973,2,4,13,9
2974,11,8,6,3
2975,3,22,14,1
2976,0,20,22,2
2977,5,19,10,2
2978,18,18,1,1
2979,22,19,1,2
2980,10,17,13,6
2981,15,14,1,4
2982,13,6,4,15
2983,11,17,2,5
2984,2,1,19,5
2985,9,17,8,4
2986,15,20,3,1
2987,18,4,2,1
2988,8,3,15,17
2989,18,1,1,9
2990,21,19,1,2
2991,20,5,3,5
2992,21,14,2,1
2993,14,10,6,2
2994,18,22,2,1
2995,1,19,7,4
2996,18,18,1,5
2997,2,12,3,11
2998,0,7,22,4
2999,6,7,12,3
